insert into nk2_venues (id, title, ticket_type, description, layout_src) values
  (1, 'Ulkopuolinen lipunmyynti',        'generic-tickets', '', null),
  (2, 'Aleksanterin teatteri',           'numbered-seats',  'Aleksanterin teatteri, Helsinki\nBulevardi 23-27 / Albertinkatu 32', 'aleksanteri.png'),
  (3, 'Gloria',                          'generic-tickets', 'Gloria Kulttuuriareena, Helsinki, Pieni Roobertinkatu 12 \nKulkuyhteydet: raitiovaunu 6, bussit 14 ja 20', null),
  (4, 'Vaasan kaupunginteatteri',        'numbered-seats',  'Vaasan kaupunginteatteri\nPitkäkatu 53, Vaasa', 'vaasa-kaupunginteatteri.png'),
  (5, 'Lappeenrannan kaupunginteatteri', 'generic-tickets', 'Lappeenrannan kaupunginteatteri\nValtakatu 56', null),
  (6, 'Louhisali, Espoo',                'numbered-seats',  'Louhisali, Espoon kulttuurikeskus\nKulttuuriaukio 2, Espoo', 'louhisali.png'),
  (7, 'Sigyn-sali',                      'generic-tickets', 'Sigyn-sali\nLinnankatu 60', null),
  (8, 'Kuopion kaupunginteatteri',       'numbered-seats',  'Kuopion kaupunginteatteri\nNiiralankatu 2, Kuopio', 'kuopio-kaupunginteatteri.png');

insert into nk2_sections (id, venue_id, title, row_name) values
  ( 1, 2, 'Permanto',     'rivi'), -- Aleksanteri
  ( 2, 2, 'Permanto, parhaat paikat', 'rivi'),
  ( 3, 2, '1. parvi',     'rivi'),
  ( 4, 2, '1. parvi',     'rivi'),
  ( 5, 2, 'Aitiot',       'aitio'),
  ( 6, 2, 'Aitiot',       'aitio'),
  ( 7, 2, '2. parvi',     'rivi'),
  ( 8, 2, 'Aitiot',       'aitio'),
  ( 9, 2, 'Aitiot',       'aitio'),
  (10, 3, 'Numeroimaton', ''), -- Gloria
  (11, 4, 'Permanto',     'rivi'), -- Vaasa
  (12, 5, 'Numeroimaton', ''), -- Lappenranta
  (13, 6, 'Permanto',     'rivi'), -- Louhisali
  (14, 7, 'Numeroimaton', ''), -- Turku Sigyn-sali
  (15, 8, 'Permanto',     'rivi'); -- Kuopio

-- NOTE: to "easily" edit the seat coordinates, one can for example copy all the seats of a venue into a file 't', and then run
-- cat t|awk '{print "  "$1, $2, $3, $4-33 ",", $5+32",",$6}' to change x-coordinates to x = x-33 and y-coordinates to y = y+32


-- Aleksanteri, lots of numbered seats
insert into nk2_seats (number, row, section_id, x_coord, y_coord, inactive) values
  (1, 1, 1, 115, 37, false),
  (2, 1, 1, 123, 40, false),
  (3, 1, 1, 131, 42, false),
  (4, 1, 1, 140, 43, false),
  (13, 1, 1, 214, 43, false),
  (14, 1, 1, 222, 41, false),
  (15, 1, 1, 230, 39, false),
  (16, 1, 1, 238, 37, false),
  (17, 2, 1, 253, 45, false),
  (18, 2, 1, 246, 48, false),
  (19, 2, 1, 238, 50, false),
  (20, 2, 1, 230, 52, false),
  (21, 2, 1, 222, 54, false),
  (32, 2, 1, 131, 54, false),
  (33, 2, 1, 123, 52, false),
  (34, 2, 1, 115, 50, false),
  (35, 2, 1, 107, 48, false),
  (36, 2, 1, 100, 45, false),
  (37, 3, 1, 95, 57, false),
  (38, 3, 1, 103, 59, false),
  (39, 3, 1, 110, 62, false),
  (40, 3, 1, 118, 64, false),
  (41, 3, 1, 126, 66, false),
  (53, 3, 1, 226, 66, false),
  (54, 3, 1, 235, 64, false),
  (55, 3, 1, 243, 62, false),
  (56, 3, 1, 251, 59, false),
  (57, 3, 1, 259, 56, false),
  (58, 4, 1, 262, 68, false),
  (59, 4, 1, 254, 70, false),
  (60, 4, 1, 246, 73, false),
  (61, 4, 1, 238, 75, false),
  (62, 4, 1, 230, 77, false),
  (63, 4, 1, 222, 79, false),
  (74, 4, 1, 131, 79, false),
  (75, 4, 1, 123, 78, false),
  (76, 4, 1, 115, 76, false),
  (77, 4, 1, 107, 74, false),
  (78, 4, 1, 99, 71, false),
  (79, 4, 1, 91, 68, false),
  (80, 5, 1, 90, 81, false),
  (81, 5, 1, 98, 84, false),
  (82, 5, 1, 106, 86, false),
  (83, 5, 1, 113, 88, false),
  (84, 5, 1, 122, 90, false),
  (85, 5, 1, 130, 91, false),
  (96, 5, 1, 220, 91, false),
  (97, 5, 1, 228, 90, false),
  (98, 5, 1, 237, 88, false),
  (99, 5, 1, 244, 86, false),
  (100, 5, 1, 253, 84, false),
  (101, 5, 1, 261, 81, false),
  (102, 6, 1, 257, 95, false),
  (103, 6, 1, 249, 98, false),
  (104, 6, 1, 241, 100, false),
  (105, 6, 1, 233, 102, false),
  (106, 6, 1, 225, 103, false),
  (107, 6, 1, 217, 105, false),
  (108, 6, 1, 209, 105, false),
  (109, 6, 1, 201, 106, false),
  (110, 6, 1, 193, 107, false),
  (111, 6, 1, 184, 107, false),
  (112, 6, 1, 177, 107, false),
  (113, 6, 1, 169, 107, false),
  (114, 6, 1, 160, 107, false),
  (115, 6, 1, 152, 106, false),
  (116, 6, 1, 144, 105, false),
  (117, 6, 1, 136, 105, false),
  (118, 6, 1, 127, 103, false),
  (119, 6, 1, 119, 102, false),
  (120, 6, 1, 112, 100, false),
  (121, 6, 1, 104, 98, false),
  (122, 6, 1, 95, 95, false),
  (123, 7, 1, 88, 106, false),
  (124, 7, 1, 95, 109, false),
  (125, 7, 1, 103, 111, false),
  (126, 7, 1, 111, 113, false),
  (127, 7, 1, 119, 115, false),
  (128, 7, 1, 127, 116, false),
  (129, 7, 1, 135, 117, false),
  (130, 7, 1, 144, 118, false),
  (131, 7, 1, 151, 119, false),
  (132, 7, 1, 160, 119, false),
  (133, 7, 1, 168, 119, false),
  (134, 7, 1, 177, 119, false),
  (135, 7, 1, 185, 119, false),
  (136, 7, 1, 194, 119, false),
  (137, 7, 1, 202, 118, false),
  (138, 7, 1, 210, 118, false),
  (139, 7, 1, 218, 117, false),
  (140, 7, 1, 226, 115, false),
  (141, 7, 1, 234, 114, false),
  (142, 7, 1, 243, 112, false),
  (143, 7, 1, 250, 110, false),
  (144, 7, 1, 257, 108, false),
  (145, 7, 1, 265, 106, false),
  (146, 8, 1, 261, 121, false),
  (147, 8, 1, 253, 123, false),
  (148, 8, 1, 245, 125, false),
  (149, 8, 1, 237, 126, false),
  (150, 8, 1, 230, 128, false),
  (151, 8, 1, 222, 129, false),
  (152, 8, 1, 214, 130, false),
  (153, 8, 1, 206, 131, false),
  (154, 8, 1, 198, 131, false),
  (155, 8, 1, 189, 132, false),
  (156, 8, 1, 181, 132, false),
  (157, 8, 1, 173, 132, false),
  (158, 8, 1, 165, 132, false),
  (159, 8, 1, 157, 132, false),
  (160, 8, 1, 148, 131, false),
  (161, 8, 1, 140, 130, false),
  (162, 8, 1, 132, 129, false),
  (163, 8, 1, 124, 128, false),
  (164, 8, 1, 115, 127, false),
  (165, 8, 1, 107, 125, false),
  (166, 8, 1, 99, 123, false),
  (167, 8, 1, 91, 120, false),
  (168, 9, 1, 96, 135, false),
  (169, 9, 1, 103, 137, false),
  (170, 9, 1, 111, 139, false),
  (171, 9, 1, 119, 140, false),
  (172, 9, 1, 127, 142, false),
  (173, 9, 1, 135, 143, false),
  (174, 9, 1, 143, 144, false),
  (175, 9, 1, 151, 144, false),
  (176, 9, 1, 159, 145, false),
  (177, 9, 1, 168, 145, false),
  (178, 9, 1, 176, 145, false),
  (179, 9, 1, 185, 145, false),
  (180, 9, 1, 193, 145, false),
  (181, 9, 1, 201, 144, false),
  (182, 9, 1, 209, 143, false),
  (183, 9, 1, 218, 142, false),
  (184, 9, 1, 226, 141, false),
  (185, 9, 1, 234, 140, false),
  (186, 9, 1, 242, 138, false),
  (187, 9, 1, 250, 136, false),
  (188, 9, 1, 258, 134, false),
  (189, 10, 1, 252, 150, false),
  (190, 10, 1, 243, 152, false),
  (191, 10, 1, 236, 153, false),
  (192, 10, 1, 228, 155, false),
  (193, 10, 1, 220, 156, false),
  (194, 10, 1, 212, 157, false),
  (195, 10, 1, 204, 158, false),
  (196, 10, 1, 195, 158, false),
  (197, 10, 1, 187, 158, false),
  (198, 10, 1, 179, 158, false),
  (199, 10, 1, 171, 158, false),
  (200, 10, 1, 163, 158, false),
  (201, 10, 1, 154, 158, false),
  (202, 10, 1, 145, 157, false),
  (203, 10, 1, 137, 157, false),
  (204, 10, 1, 129, 155, false),
  (205, 10, 1, 121, 154, false),
  (206, 10, 1, 112, 152, false),
  (207, 10, 1, 104, 150, false),
  (208, 10, 1, 96, 148, false),
  (209, 11, 1, 115, 166, false),
  (210, 11, 1, 123, 167, false),
  (211, 11, 1, 131, 169, false),
  (212, 11, 1, 139, 170, false),
  (213, 11, 1, 147, 171, false),
  (214, 11, 1, 154, 171, false),
  (215, 11, 1, 163, 172, false),
  (216, 11, 1, 172, 172, false),
  (217, 11, 1, 181, 172, false),
  (218, 11, 1, 189, 172, false),
  (219, 11, 1, 197, 171, false),
  (220, 11, 1, 205, 171, false),
  (221, 11, 1, 213, 170, false),
  (222, 11, 1, 221, 169, false),
  (223, 11, 1, 229, 167, false),
  (224, 11, 1, 238, 165, false),
  (225, 12, 1, 238, 178, false),
  (226, 12, 1, 230, 180, false),
  (227, 12, 1, 221, 181, false),
  (228, 12, 1, 213, 183, false),
  (229, 12, 1, 205, 184, false),
  (230, 12, 1, 197, 185, false),
  (231, 12, 1, 189, 185, false),
  (232, 12, 1, 180, 185, false),
  (233, 12, 1, 172, 185, false),
  (234, 12, 1, 163, 184, false),
  (235, 12, 1, 155, 184, false),
  (236, 12, 1, 147, 183, false),
  (237, 12, 1, 139, 183, false),
  (238, 12, 1, 131, 181, false),
  (239, 12, 1, 123, 180, false),
  (240, 12, 1, 115, 179, false),
  (241, 13, 1, 115, 192, false),
  (242, 13, 1, 123, 194, false),
  (243, 13, 1, 131, 195, false),
  (244, 13, 1, 140, 196, false),
  (245, 13, 1, 148, 197, false),
  (246, 13, 1, 156, 198, false),
  (247, 13, 1, 164, 198, false),
  (248, 13, 1, 173, 198, false),
  (249, 13, 1, 181, 198, false),
  (250, 13, 1, 190, 198, false),
  (251, 13, 1, 198, 198, false),
  (252, 13, 1, 206, 197, false),
  (253, 13, 1, 214, 196, false),
  (254, 13, 1, 222, 195, false),
  (255, 13, 1, 231, 193, false),
  (256, 13, 1, 238, 192, false),
  (257, 14, 1, 245, 208, false),
  (258, 14, 1, 236, 210, false),
  (259, 14, 1, 229, 211, false),
  (260, 14, 1, 220, 212, false),
  (261, 14, 1, 212, 213, false),
  (267, 14, 1, 141, 213, false),
  (268, 14, 1, 133, 212, false),
  (269, 14, 1, 125, 211, false),
  (270, 14, 1, 116, 210, false),
  (271, 14, 1, 108, 208, false),
  (272, 15, 1, 108, 221, false),
  (273, 15, 1, 116, 223, false),
  (274, 15, 1, 124, 224, false),
  (275, 15, 1, 132, 225, false),
  (276, 15, 1, 140, 226, false),
  (283, 15, 1, 214, 226, false),
  (284, 15, 1, 222, 225, false),
  (285, 15, 1, 230, 224, false),
  (286, 15, 1, 238, 223, false),
  (287, 15, 1, 246, 222, false),
  (5, 1, 2, 148, 44, false),
  (6, 1, 2, 156, 45, false),
  (7, 1, 2, 164, 45, false),
  (8, 1, 2, 172, 46, false),
  (9, 1, 2, 181, 46, false),
  (10, 1, 2, 189, 45, false),
  (11, 1, 2, 197, 45, false),
  (12, 1, 2, 205, 44, false),
  (22, 2, 2, 214, 55, false),
  (23, 2, 2, 205, 56, false),
  (24, 2, 2, 197, 57, false),
  (25, 2, 2, 189, 58, false),
  (26, 2, 2, 181, 58, false),
  (27, 2, 2, 172, 58, false),
  (28, 2, 2, 164, 58, false),
  (29, 2, 2, 156, 57, false),
  (30, 2, 2, 148, 56, false),
  (31, 2, 2, 140, 55, false),
  (42, 3, 2, 134, 67, false),
  (43, 3, 2, 143, 69, false),
  (44, 3, 2, 151, 69, false),
  (45, 3, 2, 159, 70, false),
  (46, 3, 2, 168, 70, false),
  (47, 3, 2, 177, 70, false),
  (48, 3, 2, 185, 70, false),
  (49, 3, 2, 193, 70, false),
  (50, 3, 2, 202, 69, false),
  (51, 3, 2, 210, 68, false),
  (52, 3, 2, 218, 67, false),
  (64, 4, 2, 214, 80, false),
  (65, 4, 2, 205, 81, false),
  (66, 4, 2, 197, 82, false),
  (67, 4, 2, 189, 82, false),
  (68, 4, 2, 181, 82, false),
  (69, 4, 2, 172, 82, false),
  (70, 4, 2, 164, 82, false),
  (71, 4, 2, 156, 82, false),
  (72, 4, 2, 148, 81, false),
  (73, 4, 2, 140, 80, false),
  (86, 5, 2, 138, 93, false),
  (87, 5, 2, 146, 93, false),
  (88, 5, 2, 155, 94, false),
  (89, 5, 2, 163, 94, false),
  (90, 5, 2, 171, 94, false),
  (91, 5, 2, 179, 94, false),
  (92, 5, 2, 188, 94, false),
  (93, 5, 2, 196, 94, false),
  (94, 5, 2, 204, 93, false),
  (95, 5, 2, 212, 92, false),
  (1, 1, 3, 119, 265, false),
  (2, 1, 3, 126, 268, false),
  (3, 1, 3, 134, 270, false),
  (4, 1, 3, 142, 272, false),
  (5, 1, 3, 150, 274, false),
  (6, 1, 3, 158, 275, false),
  (7, 1, 3, 165, 276, false),
  (8, 1, 3, 174, 277, false),
  (9, 1, 3, 182, 276, false),
  (10, 1, 3, 190, 276, false),
  (11, 1, 3, 198, 275, false),
  (12, 1, 3, 206, 272, false),
  (13, 1, 3, 213, 270, false),
  (14, 1, 3, 222, 268, false),
  (15, 1, 3, 230, 265, false),
  (16, 2, 3, 233, 279, false),
  (17, 2, 3, 225, 281, false),
  (18, 2, 3, 217, 284, false),
  (19, 2, 3, 209, 286, false),
  (20, 2, 3, 201, 288, false),
  (21, 2, 3, 193, 289, false),
  (22, 2, 3, 185, 290, false),
  (23, 2, 3, 177, 290, false),
  (24, 2, 3, 169, 290, false),
  (25, 2, 3, 162, 289, false),
  (26, 2, 3, 154, 289, false),
  (27, 2, 3, 146, 288, false),
  (28, 2, 3, 138, 286, false),
  (29, 2, 3, 130, 284, false),
  (30, 2, 3, 122, 282, false),
  (31, 2, 3, 115, 279, false),
  (32, 3, 4, 107, 292, false),
  (33, 3, 4, 115, 295, false),
  (34, 3, 4, 122, 297, false),
  (35, 3, 4, 130, 299, false),
  (36, 3, 4, 138, 301, false),
  (37, 3, 4, 146, 302, false),
  (38, 3, 4, 154, 303, false),
  (39, 3, 4, 162, 304, false),
  (40, 3, 4, 170, 304, false),
  (41, 3, 4, 178, 304, false),
  (42, 3, 4, 186, 304, false),
  (43, 3, 4, 194, 303, false),
  (44, 3, 4, 201, 302, false),
  (45, 3, 4, 209, 301, false),
  (46, 3, 4, 217, 299, false),
  (47, 3, 4, 225, 297, false),
  (48, 3, 4, 233, 295, false),
  (49, 3, 4, 241, 292, false),
  (50, 4, 4, 248, 305, false),
  (51, 4, 4, 240, 308, false),
  (52, 4, 4, 233, 311, false),
  (53, 4, 4, 225, 313, false),
  (54, 4, 4, 217, 315, false),
  (57, 4, 4, 193, 319, false),
  (58, 4, 4, 186, 320, false),
  (59, 4, 4, 178, 320, false),
  (60, 4, 4, 170, 320, false),
  (61, 4, 4, 162, 320, false),
  (62, 4, 4, 154, 319, false),
  (63, 4, 4, 146, 318, false),
  (66, 4, 4, 123, 313, false),
  (67, 4, 4, 115, 311, false),
  (68, 4, 4, 107, 308, false),
  (69, 4, 4, 99, 305, false),
  (70, 5, 4, 107, 324, false),
  (71, 5, 4, 115, 327, false),
  (72, 5, 4, 123, 329, false),
  (75, 5, 4, 146, 334, false),
  (76, 5, 4, 154, 335, false),
  (77, 5, 4, 162, 335, false),
  (78, 5, 4, 170, 336, false),
  (79, 5, 4, 178, 336, false),
  (80, 5, 4, 186, 335, false),
  (81, 5, 4, 194, 335, false),
  (82, 5, 4, 201, 334, false),
  (85, 5, 4, 225, 329, false),
  (86, 5, 4, 233, 327, false),
  (87, 5, 4, 240, 324, false),
  (88, 5, 4, 249, 321, false),
  (1, 1, 5, 43, 143, false),
  (2, 1, 5, 44, 155, false),
  (3, 1, 5, 34, 162, false),
  (4, 1, 5, 32, 151, false),
  (1, 2, 5, 48, 174, false),
  (2, 2, 5, 51, 185, false),
  (3, 2, 5, 43, 194, false),
  (4, 2, 5, 38, 184, false),
  (1, 3, 5, 58, 201, false),
  (2, 3, 5, 63, 209, false),
  (3, 3, 5, 56, 219, false),
  (4, 3, 5, 50, 210, false),
  (1, 4, 5, 73, 223, false),
  (2, 4, 5, 80, 230, false),
  (3, 4, 5, 73, 240, false),
  (4, 4, 5, 66, 232, false),
  (1, 5, 5, 94, 243, false),
  (2, 5, 5, 103, 249, false),
  (3, 5, 5, 98, 259, false),
  (4, 5, 5, 89, 254, false),
  (1, 6, 6, 255, 245, false),
  (2, 6, 6, 247, 251, false),
  (3, 6, 6, 252, 261, false),
  (4, 6, 6, 261, 254, false),
  (1, 7, 6, 276, 226, false),
  (2, 7, 6, 268, 234, false),
  (3, 7, 6, 275, 243, false),
  (4, 7, 6, 282, 236, false),
  (1, 8, 6, 290, 200, false),
  (2, 8, 6, 285, 208, false),
  (3, 8, 6, 292, 218, false),
  (4, 8, 6, 298, 209, false),
  (1, 9, 6, 301, 174, false),
  (2, 9, 6, 297, 184, false),
  (3, 9, 6, 306, 194, false),
  (4, 9, 6, 311, 184, false),
  (1, 10, 6, 306, 144, false),
  (2, 10, 6, 305, 155, false),
  (3, 10, 6, 315, 162, false),
  (4, 10, 6, 317, 151, false),
  (1, 1, 7, 116, 372, false),
  (2, 1, 7, 124, 374, false),
  (3, 1, 7, 132, 377, false),
  (4, 1, 7, 140, 378, false),
  (5, 1, 7, 148, 379, false),
  (6, 1, 7, 156, 381, false),
  (7, 1, 7, 164, 381, false),
  (8, 1, 7, 172, 382, false),
  (9, 1, 7, 180, 381, false),
  (10, 1, 7, 188, 381, false),
  (11, 1, 7, 196, 380, false),
  (12, 1, 7, 204, 378, false),
  (13, 1, 7, 212, 376, false),
  (14, 1, 7, 220, 374, false),
  (15, 1, 7, 228, 372, false),
  (16, 2, 7, 236, 386, false),
  (17, 2, 7, 229, 389, false),
  (18, 2, 7, 221, 391, false),
  (19, 2, 7, 214, 393, false),
  (20, 2, 7, 205, 394, false),
  (21, 2, 7, 197, 396, false),
  (22, 2, 7, 189, 397, false),
  (23, 2, 7, 181, 397, false),
  (24, 2, 7, 173, 397, false),
  (25, 2, 7, 164, 397, false),
  (26, 2, 7, 156, 397, false),
  (27, 2, 7, 148, 396, false),
  (28, 2, 7, 140, 394, false),
  (29, 2, 7, 132, 393, false),
  (30, 2, 7, 125, 391, false),
  (31, 2, 7, 117, 389, false),
  (32, 2, 7, 109, 386, false),
  (33, 3, 7, 106, 401, false),
  (34, 3, 7, 113, 404, false),
  (35, 3, 7, 120, 406, false),
  (36, 3, 7, 128, 408, false),
  (37, 3, 7, 135, 410, false),
  (38, 3, 7, 143, 411, false),
  (39, 3, 7, 151, 412, false),
  (40, 3, 7, 159, 413, false),
  (41, 3, 7, 167, 413, false),
  (42, 3, 7, 176, 413, false),
  (43, 3, 7, 184, 413, false),
  (44, 3, 7, 193, 412, false),
  (45, 3, 7, 201, 411, false),
  (46, 3, 7, 209, 409, false),
  (47, 3, 7, 217, 407, false),
  (48, 3, 7, 224, 405, false),
  (49, 3, 7, 232, 403, false),
  (50, 3, 7, 239, 401, false),
  (51, 4, 7, 225, 421, false),
  (52, 4, 7, 217, 423, false),
  (53, 4, 7, 209, 425, false),
  (54, 4, 7, 201, 426, false),
  (55, 4, 7, 193, 427, false),
  (56, 4, 7, 184, 428, false),
  (57, 4, 7, 176, 428, false),
  (58, 4, 7, 168, 428, false),
  (59, 4, 7, 160, 428, false),
  (60, 4, 7, 152, 427, false),
  (61, 4, 7, 144, 426, false),
  (62, 4, 7, 136, 425, false),
  (63, 4, 7, 128, 423, false),
  (64, 4, 7, 121, 421, false),
  (65, 4, 7, 129, 443, false),
  (66, 4, 7, 137, 443, false),
  (67, 4, 7, 145, 443, false),
  (68, 4, 7, 153, 443, false),
  (69, 4, 7, 161, 443, false),
  (70, 5, 7, 169, 443, false),
  (71, 5, 7, 177, 443, false),
  (72, 5, 7, 186, 443, false),
  (73, 5, 7, 194, 443, false),
  (74, 5, 7, 202, 443, false),
  (75, 5, 7, 210, 443, false),
  (1, 11, 8, 20, 267, false),
  (2, 11, 8, 25, 277, false),
  (1, 12, 8, 33, 294, false),
  (2, 12, 8, 39, 304, false),
  (1, 13, 8, 48, 317, false),
  (2, 13, 8, 55, 325, false),
  (1, 14, 8, 67, 336, false),
  (2, 14, 8, 75, 343, false),
  (1, 15, 8, 89, 356, false),
  (2, 15, 8, 99, 360, false),
  (1, 16, 9, 257, 355, false),
  (2, 16, 9, 248, 360, false),
  (1, 17, 9, 282, 337, false),
  (2, 17, 9, 273, 344, false),
  (1, 18, 9, 301, 317, false),
  (2, 18, 9, 294, 325, false),
  (1, 19, 9, 316, 295, false),
  (2, 19, 9, 310, 302, false),
  (1, 20, 9, 327, 271, false),
  (2, 20, 9, 323, 281, false);

-- Gloria, 350 seats
insert into nk2_seats (section_id, inactive) values
  (10, false), (10, false), (10, false), (10, false), (10, false), (10, false), (10, false), (10, false), (10, false), (10, false),
  (10, false), (10, false), (10, false), (10, false), (10, false), (10, false), (10, false), (10, false), (10, false), (10, false),
  (10, false), (10, false), (10, false), (10, false), (10, false), (10, false), (10, false), (10, false), (10, false), (10, false),
  (10, false), (10, false), (10, false), (10, false), (10, false), (10, false), (10, false), (10, false), (10, false), (10, false),
  (10, false), (10, false), (10, false), (10, false), (10, false), (10, false), (10, false), (10, false), (10, false), (10, false),
  (10, false), (10, false), (10, false), (10, false), (10, false), (10, false), (10, false), (10, false), (10, false), (10, false),
  (10, false), (10, false), (10, false), (10, false), (10, false), (10, false), (10, false), (10, false), (10, false), (10, false),
  (10, false), (10, false), (10, false), (10, false), (10, false), (10, false), (10, false), (10, false), (10, false), (10, false),
  (10, false), (10, false), (10, false), (10, false), (10, false), (10, false), (10, false), (10, false), (10, false), (10, false),
  (10, false), (10, false), (10, false), (10, false), (10, false), (10, false), (10, false), (10, false), (10, false), (10, false),
  (10, false), (10, false), (10, false), (10, false), (10, false), (10, false), (10, false), (10, false), (10, false), (10, false),
  (10, false), (10, false), (10, false), (10, false), (10, false), (10, false), (10, false), (10, false), (10, false), (10, false),
  (10, false), (10, false), (10, false), (10, false), (10, false), (10, false), (10, false), (10, false), (10, false), (10, false),
  (10, false), (10, false), (10, false), (10, false), (10, false), (10, false), (10, false), (10, false), (10, false), (10, false),
  (10, false), (10, false), (10, false), (10, false), (10, false), (10, false), (10, false), (10, false), (10, false), (10, false),
  (10, false), (10, false), (10, false), (10, false), (10, false), (10, false), (10, false), (10, false), (10, false), (10, false),
  (10, false), (10, false), (10, false), (10, false), (10, false), (10, false), (10, false), (10, false), (10, false), (10, false),
  (10, false), (10, false), (10, false), (10, false), (10, false), (10, false), (10, false), (10, false), (10, false), (10, false),
  (10, false), (10, false), (10, false), (10, false), (10, false), (10, false), (10, false), (10, false), (10, false), (10, false),
  (10, false), (10, false), (10, false), (10, false), (10, false), (10, false), (10, false), (10, false), (10, false), (10, false),
  (10, false), (10, false), (10, false), (10, false), (10, false), (10, false), (10, false), (10, false), (10, false), (10, false),
  (10, false), (10, false), (10, false), (10, false), (10, false), (10, false), (10, false), (10, false), (10, false), (10, false),
  (10, false), (10, false), (10, false), (10, false), (10, false), (10, false), (10, false), (10, false), (10, false), (10, false),
  (10, false), (10, false), (10, false), (10, false), (10, false), (10, false), (10, false), (10, false), (10, false), (10, false),
  (10, false), (10, false), (10, false), (10, false), (10, false), (10, false), (10, false), (10, false), (10, false), (10, false),
  (10, false), (10, false), (10, false), (10, false), (10, false), (10, false), (10, false), (10, false), (10, false), (10, false),
  (10, false), (10, false), (10, false), (10, false), (10, false), (10, false), (10, false), (10, false), (10, false), (10, false),
  (10, false), (10, false), (10, false), (10, false), (10, false), (10, false), (10, false), (10, false), (10, false), (10, false),
  (10, false), (10, false), (10, false), (10, false), (10, false), (10, false), (10, false), (10, false), (10, false), (10, false),
  (10, false), (10, false), (10, false), (10, false), (10, false), (10, false), (10, false), (10, false), (10, false), (10, false),
  (10, false), (10, false), (10, false), (10, false), (10, false), (10, false), (10, false), (10, false), (10, false), (10, false),
  (10, false), (10, false), (10, false), (10, false), (10, false), (10, false), (10, false), (10, false), (10, false), (10, false),
  (10, false), (10, false), (10, false), (10, false), (10, false), (10, false), (10, false), (10, false), (10, false), (10, false),
  (10, false), (10, false), (10, false), (10, false), (10, false), (10, false), (10, false), (10, false), (10, false), (10, false),
  (10, false), (10, false), (10, false), (10, false), (10, false), (10, false), (10, false), (10, false), (10, false), (10, false);

-- vaasa, 370 numbered seats
insert into nk2_seats (number, row, section_id, x_coord, y_coord, inactive) values
  (1, 1, 11, 52, 53, false),
  (2, 1, 11, 61, 53, false),
  (3, 1, 11, 70, 53, false),
  (4, 1, 11, 80, 53, false),
  (5, 1, 11, 89, 53, false),
  (6, 1, 11, 98, 53, false),
  (7, 1, 11, 107, 53, false),
  (8, 1, 11, 116, 53, false),
  (9, 1, 11, 125, 53, false),
  (10, 1, 11, 134, 53, false),
  (11, 1, 11, 143, 53, false),
  (12, 1, 11, 152, 53, false),
  (13, 1, 11, 161, 53, false),
  (14, 1, 11, 171, 53, false),
  (15, 1, 11, 180, 53, false),
  (16, 1, 11, 189, 53, false),
  (17, 1, 11, 198, 53, false),
  (18, 1, 11, 207, 53, false),
  (19, 1, 11, 216, 53, false),
  (20, 1, 11, 225, 53, false),
  (21, 1, 11, 234, 53, false),
  (22, 1, 11, 243, 53, false),
  (23, 2, 11, 48, 71, false),
  (24, 2, 11, 57, 71, false),
  (25, 2, 11, 66, 71, false),
  (26, 2, 11, 75, 71, false),
  (27, 2, 11, 84, 71, false),
  (28, 2, 11, 94, 71, false),
  (29, 2, 11, 103, 71, false),
  (30, 2, 11, 112, 71, false),
  (31, 2, 11, 121, 71, false),
  (32, 2, 11, 130, 71, false),
  (33, 2, 11, 139, 71, false),
  (34, 2, 11, 148, 71, false),
  (35, 2, 11, 157, 71, false),
  (36, 2, 11, 166, 71, false),
  (37, 2, 11, 175, 71, false),
  (38, 2, 11, 185, 71, false),
  (39, 2, 11, 194, 71, false),
  (40, 2, 11, 203, 71, false),
  (41, 2, 11, 212, 71, false),
  (42, 2, 11, 221, 71, false),
  (43, 2, 11, 230, 71, false),
  (44, 2, 11, 239, 71, false),
  (45, 2, 11, 248, 71, false),
  (46, 3, 11, 43, 89, false),
  (47, 3, 11, 52, 89, false),
  (48, 3, 11, 61, 89, false),
  (49, 3, 11, 70, 89, false),
  (50, 3, 11, 80, 89, false),
  (51, 3, 11, 89, 89, false),
  (52, 3, 11, 98, 89, false),
  (53, 3, 11, 107, 89, false),
  (54, 3, 11, 116, 89, false),
  (55, 3, 11, 125, 89, false),
  (56, 3, 11, 134, 89, false),
  (57, 3, 11, 143, 89, false),
  (58, 3, 11, 152, 89, false),
  (59, 3, 11, 161, 89, false),
  (60, 3, 11, 171, 89, false),
  (61, 3, 11, 180, 89, false),
  (62, 3, 11, 189, 89, false),
  (63, 3, 11, 198, 89, false),
  (64, 3, 11, 207, 89, false),
  (65, 3, 11, 216, 89, false),
  (66, 3, 11, 225, 89, false),
  (67, 3, 11, 234, 89, false),
  (68, 3, 11, 243, 89, false),
  (69, 3, 11, 252, 89, false),
  (70, 4, 11, 39, 107, false),
  (71, 4, 11, 48, 107, false),
  (72, 4, 11, 57, 107, false),
  (73, 4, 11, 66, 107, false),
  (74, 4, 11, 75, 107, false),
  (75, 4, 11, 84, 107, false),
  (76, 4, 11, 94, 107, false),
  (77, 4, 11, 103, 107, false),
  (78, 4, 11, 112, 107, false),
  (79, 4, 11, 121, 107, false),
  (80, 4, 11, 130, 107, false),
  (81, 4, 11, 139, 107, false),
  (82, 4, 11, 148, 107, false),
  (83, 4, 11, 157, 107, false),
  (84, 4, 11, 166, 107, false),
  (85, 4, 11, 175, 107, false),
  (86, 4, 11, 185, 107, false),
  (87, 4, 11, 194, 107, false),
  (88, 4, 11, 203, 107, false),
  (89, 4, 11, 212, 107, false),
  (90, 4, 11, 221, 107, false),
  (91, 4, 11, 230, 107, false),
  (92, 4, 11, 239, 107, false),
  (93, 4, 11, 248, 107, false),
  (94, 4, 11, 257, 107, false),
  (95, 5, 11, 34, 125, false),
  (96, 5, 11, 43, 125, false),
  (97, 5, 11, 52, 125, false),
  (98, 5, 11, 61, 125, false),
  (99, 5, 11, 70, 125, false),
  (100, 5, 11, 80, 125, false),
  (101, 5, 11, 89, 125, false),
  (102, 5, 11, 98, 125, false),
  (103, 5, 11, 107, 125, false),
  (104, 5, 11, 116, 125, false),
  (105, 5, 11, 125, 125, false),
  (106, 5, 11, 134, 125, false),
  (107, 5, 11, 143, 125, false),
  (108, 5, 11, 152, 125, false),
  (109, 5, 11, 161, 125, false),
  (110, 5, 11, 171, 125, false),
  (111, 5, 11, 180, 125, false),
  (112, 5, 11, 189, 125, false),
  (113, 5, 11, 198, 125, false),
  (114, 5, 11, 207, 125, false),
  (115, 5, 11, 216, 125, false),
  (116, 5, 11, 225, 125, false),
  (117, 5, 11, 234, 125, false),
  (118, 5, 11, 243, 125, false),
  (119, 5, 11, 252, 125, false),
  (120, 5, 11, 262, 125, false),
  (121, 6, 11, 34, 161, false),
  (122, 6, 11, 43, 161, false),
  (123, 6, 11, 52, 161, false),
  (124, 6, 11, 61, 161, false),
  (125, 6, 11, 70, 161, false),
  (126, 6, 11, 80, 161, false),
  (127, 6, 11, 89, 161, false),
  (128, 6, 11, 98, 161, false),
  (129, 6, 11, 107, 161, false),
  (130, 6, 11, 116, 161, false),
  (131, 6, 11, 125, 161, false),
  (132, 6, 11, 134, 161, false),
  (133, 6, 11, 143, 161, false),
  (134, 6, 11, 152, 161, false),
  (135, 6, 11, 161, 161, false),
  (136, 6, 11, 171, 161, false),
  (137, 6, 11, 180, 161, false),
  (138, 6, 11, 189, 161, false),
  (139, 6, 11, 198, 161, false),
  (140, 6, 11, 207, 161, false),
  (141, 6, 11, 216, 161, false),
  (142, 6, 11, 225, 161, false),
  (143, 6, 11, 234, 161, false),
  (144, 6, 11, 243, 161, false),
  (145, 6, 11, 252, 161, false),
  (146, 6, 11, 262, 161, false),
  (147, 7, 11, 34, 179, false),
  (148, 7, 11, 43, 179, false),
  (149, 7, 11, 52, 179, false),
  (150, 7, 11, 61, 179, false),
  (151, 7, 11, 70, 179, false),
  (152, 7, 11, 80, 179, false),
  (153, 7, 11, 89, 179, false),
  (154, 7, 11, 98, 179, false),
  (155, 7, 11, 107, 179, false),
  (156, 7, 11, 116, 179, false),
  (157, 7, 11, 125, 179, false),
  (158, 7, 11, 134, 179, false),
  (159, 7, 11, 143, 179, false),
  (160, 7, 11, 152, 179, false),
  (161, 7, 11, 161, 179, false),
  (162, 7, 11, 171, 179, false),
  (163, 7, 11, 180, 179, false),
  (164, 7, 11, 189, 179, false),
  (165, 7, 11, 198, 179, false),
  (166, 7, 11, 207, 179, false),
  (167, 7, 11, 216, 179, false),
  (168, 7, 11, 225, 179, false),
  (169, 7, 11, 234, 179, false),
  (170, 7, 11, 243, 179, false),
  (171, 7, 11, 252, 179, false),
  (172, 7, 11, 262, 179, false),
  (173, 8, 11, 34, 197, false),
  (174, 8, 11, 43, 197, false),
  (175, 8, 11, 52, 197, false),
  (176, 8, 11, 61, 197, false),
  (177, 8, 11, 70, 197, false),
  (178, 8, 11, 80, 197, false),
  (179, 8, 11, 89, 197, false),
  (180, 8, 11, 98, 197, false),
  (181, 8, 11, 107, 197, false),
  (182, 8, 11, 116, 197, false),
  (183, 8, 11, 125, 197, false),
  (184, 8, 11, 134, 197, false),
  (185, 8, 11, 143, 197, false),
  (186, 8, 11, 152, 197, false),
  (187, 8, 11, 161, 197, false),
  (188, 8, 11, 171, 197, false),
  (189, 8, 11, 180, 197, false),
  (190, 8, 11, 189, 197, false),
  (191, 8, 11, 198, 197, false),
  (192, 8, 11, 207, 197, false),
  (193, 8, 11, 216, 197, false),
  (194, 8, 11, 225, 197, false),
  (195, 8, 11, 234, 197, false),
  (196, 8, 11, 243, 197, false),
  (197, 8, 11, 252, 197, false),
  (198, 8, 11, 262, 197, false),
  (199, 9, 11, 34, 215, false),
  (200, 9, 11, 43, 215, false),
  (201, 9, 11, 52, 215, false),
  (202, 9, 11, 61, 215, false),
  (203, 9, 11, 70, 215, false),
  (204, 9, 11, 80, 215, false),
  (205, 9, 11, 89, 215, false),
  (206, 9, 11, 98, 215, false),
  (207, 9, 11, 107, 215, false),
  (208, 9, 11, 116, 215, false),
  (209, 9, 11, 125, 215, false),
  (210, 9, 11, 134, 215, false),
  (211, 9, 11, 143, 215, false),
  (212, 9, 11, 152, 215, false),
  (213, 9, 11, 161, 215, false),
  (214, 9, 11, 171, 215, false),
  (215, 9, 11, 180, 215, false),
  (216, 9, 11, 189, 215, false),
  (217, 9, 11, 198, 215, false),
  (218, 9, 11, 207, 215, false),
  (219, 9, 11, 216, 215, false),
  (220, 9, 11, 225, 215, false),
  (221, 9, 11, 234, 215, false),
  (222, 9, 11, 243, 215, false),
  (223, 9, 11, 252, 215, false),
  (224, 9, 11, 262, 215, false),
  (225, 10, 11, 34, 233, false),
  (226, 10, 11, 43, 233, false),
  (227, 10, 11, 52, 233, false),
  (228, 10, 11, 61, 233, false),
  (229, 10, 11, 70, 233, false),
  (230, 10, 11, 80, 233, false),
  (231, 10, 11, 89, 233, false),
  (232, 10, 11, 98, 233, false),
  (233, 10, 11, 107, 233, false),
  (234, 10, 11, 116, 233, false),
  (235, 10, 11, 125, 233, false),
  (236, 10, 11, 134, 233, false),
  (237, 10, 11, 143, 233, false),
  (238, 10, 11, 152, 233, false),
  (239, 10, 11, 161, 233, false),
  (240, 10, 11, 171, 233, false),
  (241, 10, 11, 180, 233, false),
  (242, 10, 11, 189, 233, false),
  (243, 10, 11, 198, 233, false),
  (244, 10, 11, 207, 233, false),
  (245, 10, 11, 216, 233, false),
  (246, 10, 11, 225, 233, false),
  (247, 10, 11, 234, 233, false),
  (248, 10, 11, 243, 233, false),
  (249, 10, 11, 252, 233, false),
  (250, 10, 11, 262, 233, false),
  (251, 11, 11, 34, 251, false),
  (252, 11, 11, 43, 251, false),
  (253, 11, 11, 52, 251, false),
  (254, 11, 11, 61, 251, false),
  (255, 11, 11, 70, 251, false),
  (256, 11, 11, 80, 251, false),
  (257, 11, 11, 89, 251, false),
  (258, 11, 11, 98, 251, false),
  (259, 11, 11, 107, 251, false),
  (260, 11, 11, 116, 251, false),
  (261, 11, 11, 125, 251, false),
  (262, 11, 11, 134, 251, false),
  (263, 11, 11, 143, 251, false),
  (264, 11, 11, 152, 251, false),
  (265, 11, 11, 161, 251, false),
  (266, 11, 11, 171, 251, false),
  (267, 11, 11, 180, 251, false),
  (268, 11, 11, 189, 251, false),
  (269, 11, 11, 198, 251, false),
  (270, 11, 11, 207, 251, false),
  (271, 11, 11, 216, 251, false),
  (272, 11, 11, 225, 251, false),
  (273, 11, 11, 234, 251, false),
  (274, 11, 11, 243, 251, false),
  (275, 11, 11, 252, 251, false),
  (276, 11, 11, 262, 251, false),
  (277, 12, 11, 34, 269, false),
  (278, 12, 11, 43, 269, false),
  (279, 12, 11, 52, 269, false),
  (280, 12, 11, 61, 269, false),
  (281, 12, 11, 70, 269, false),
  (282, 12, 11, 80, 269, false),
  (283, 12, 11, 89, 269, false),
  (284, 12, 11, 98, 269, false),
  (285, 12, 11, 107, 269, false),
  (286, 12, 11, 116, 269, false),
  (287, 12, 11, 125, 269, false),
  (288, 12, 11, 134, 269, false),
  (289, 12, 11, 143, 269, false),
  (290, 12, 11, 152, 269, false),
  (291, 12, 11, 161, 269, false),
  (292, 12, 11, 171, 269, false),
  (293, 12, 11, 180, 269, false),
  (294, 12, 11, 189, 269, false),
  (295, 12, 11, 198, 269, false),
  (296, 12, 11, 207, 269, false),
  (297, 12, 11, 216, 269, false),
  (298, 12, 11, 225, 269, false),
  (299, 12, 11, 234, 269, false),
  (300, 12, 11, 243, 269, false),
  (301, 12, 11, 252, 269, false),
  (302, 12, 11, 262, 269, false),
  (303, 13, 11, 34, 287, false),
  (304, 13, 11, 43, 287, false),
  (305, 13, 11, 52, 287, false),
  (306, 13, 11, 61, 287, false),
  (307, 13, 11, 70, 287, false),
  (308, 13, 11, 80, 287, false),
  (309, 13, 11, 89, 287, false),
  (310, 13, 11, 98, 287, false),
  (311, 13, 11, 107, 287, false),
  (312, 13, 11, 116, 287, false),
  (313, 13, 11, 125, 287, false),
  (314, 13, 11, 134, 287, false),
  (315, 13, 11, 143, 287, false),
  (316, 13, 11, 152, 287, false),
  (317, 13, 11, 161, 287, false),
  (318, 13, 11, 171, 287, false),
  (319, 13, 11, 180, 287, false),
  (320, 13, 11, 189, 287, false),
  (321, 13, 11, 198, 287, false),
  (322, 13, 11, 207, 287, false),
  (323, 13, 11, 216, 287, false),
  (324, 13, 11, 225, 287, false),
  (325, 13, 11, 234, 287, false),
  (326, 13, 11, 243, 287, false),
  (327, 13, 11, 252, 287, false),
  (328, 13, 11, 262, 287, false),
  (329, 14, 11, 34, 305, false),
  (330, 14, 11, 43, 305, false),
  (331, 14, 11, 52, 305, false),
  (332, 14, 11, 61, 305, false),
  (333, 14, 11, 70, 305, false),
  (334, 14, 11, 80, 305, false),
  (335, 14, 11, 89, 305, false),
  (336, 14, 11, 98, 305, false),
  (337, 14, 11, 107, 305, false),
  (338, 14, 11, 116, 305, false),
  (339, 14, 11, 125, 305, false),
  (340, 14, 11, 171, 305, false),
  (341, 14, 11, 180, 305, false),
  (342, 14, 11, 189, 305, false),
  (343, 14, 11, 198, 305, false),
  (344, 14, 11, 207, 305, false),
  (345, 14, 11, 216, 305, false),
  (346, 14, 11, 225, 305, false),
  (347, 14, 11, 234, 305, false),
  (348, 14, 11, 243, 305, false),
  (349, 14, 11, 252, 305, false),
  (350, 14, 11, 262, 305, false),
  (351, 15, 11, 34, 323, false),
  (352, 15, 11, 43, 323, false),
  (353, 15, 11, 52, 323, false),
  (354, 15, 11, 61, 323, false),
  (355, 15, 11, 70, 323, false),
  (356, 15, 11, 80, 323, false),
  (357, 15, 11, 89, 323, false),
  (358, 15, 11, 98, 323, false),
  (359, 15, 11, 107, 323, false),
  (360, 15, 11, 116, 323, false),
  (361, 15, 11, 180, 323, false),
  (362, 15, 11, 189, 323, false),
  (363, 15, 11, 198, 323, false),
  (364, 15, 11, 207, 323, false),
  (365, 15, 11, 216, 323, false),
  (366, 15, 11, 225, 323, false),
  (367, 15, 11, 234, 323, false),
  (368, 15, 11, 243, 323, false),
  (369, 15, 11, 252, 323, false),
  (370, 15, 11, 262, 323, false);

-- lappenranta, 300 seats
insert into nk2_seats (section_id, inactive) values
  (12, false), (12, false), (12, false), (12, false), (12, false), (12, false), (12, false), (12, false), (12, false), (12, false),
  (12, false), (12, false), (12, false), (12, false), (12, false), (12, false), (12, false), (12, false), (12, false), (12, false),
  (12, false), (12, false), (12, false), (12, false), (12, false), (12, false), (12, false), (12, false), (12, false), (12, false),
  (12, false), (12, false), (12, false), (12, false), (12, false), (12, false), (12, false), (12, false), (12, false), (12, false),
  (12, false), (12, false), (12, false), (12, false), (12, false), (12, false), (12, false), (12, false), (12, false), (12, false),
  (12, false), (12, false), (12, false), (12, false), (12, false), (12, false), (12, false), (12, false), (12, false), (12, false),
  (12, false), (12, false), (12, false), (12, false), (12, false), (12, false), (12, false), (12, false), (12, false), (12, false),
  (12, false), (12, false), (12, false), (12, false), (12, false), (12, false), (12, false), (12, false), (12, false), (12, false),
  (12, false), (12, false), (12, false), (12, false), (12, false), (12, false), (12, false), (12, false), (12, false), (12, false),
  (12, false), (12, false), (12, false), (12, false), (12, false), (12, false), (12, false), (12, false), (12, false), (12, false),
  (12, false), (12, false), (12, false), (12, false), (12, false), (12, false), (12, false), (12, false), (12, false), (12, false),
  (12, false), (12, false), (12, false), (12, false), (12, false), (12, false), (12, false), (12, false), (12, false), (12, false),
  (12, false), (12, false), (12, false), (12, false), (12, false), (12, false), (12, false), (12, false), (12, false), (12, false),
  (12, false), (12, false), (12, false), (12, false), (12, false), (12, false), (12, false), (12, false), (12, false), (12, false),
  (12, false), (12, false), (12, false), (12, false), (12, false), (12, false), (12, false), (12, false), (12, false), (12, false),
  (12, false), (12, false), (12, false), (12, false), (12, false), (12, false), (12, false), (12, false), (12, false), (12, false),
  (12, false), (12, false), (12, false), (12, false), (12, false), (12, false), (12, false), (12, false), (12, false), (12, false),
  (12, false), (12, false), (12, false), (12, false), (12, false), (12, false), (12, false), (12, false), (12, false), (12, false),
  (12, false), (12, false), (12, false), (12, false), (12, false), (12, false), (12, false), (12, false), (12, false), (12, false),
  (12, false), (12, false), (12, false), (12, false), (12, false), (12, false), (12, false), (12, false), (12, false), (12, false),
  (12, false), (12, false), (12, false), (12, false), (12, false), (12, false), (12, false), (12, false), (12, false), (12, false),
  (12, false), (12, false), (12, false), (12, false), (12, false), (12, false), (12, false), (12, false), (12, false), (12, false),
  (12, false), (12, false), (12, false), (12, false), (12, false), (12, false), (12, false), (12, false), (12, false), (12, false),
  (12, false), (12, false), (12, false), (12, false), (12, false), (12, false), (12, false), (12, false), (12, false), (12, false),
  (12, false), (12, false), (12, false), (12, false), (12, false), (12, false), (12, false), (12, false), (12, false), (12, false),
  (12, false), (12, false), (12, false), (12, false), (12, false), (12, false), (12, false), (12, false), (12, false), (12, false),
  (12, false), (12, false), (12, false), (12, false), (12, false), (12, false), (12, false), (12, false), (12, false), (12, false),
  (12, false), (12, false), (12, false), (12, false), (12, false), (12, false), (12, false), (12, false), (12, false), (12, false),
  (12, false), (12, false), (12, false), (12, false), (12, false), (12, false), (12, false), (12, false), (12, false), (12, false),
  (12, false), (12, false), (12, false), (12, false), (12, false), (12, false), (12, false), (12, false), (12, false), (12, false);

-- louhisali, 296 numbered seats
insert into nk2_seats (number, row, section_id, x_coord, y_coord, inactive) values
  (1, 1, 13, 257, 53, false),
  (2, 1, 13, 246, 53, false),
  (3, 1, 13, 235, 53, false),
  (4, 1, 13, 224, 53, false),
  (5, 1, 13, 213, 53, false),
  (6, 1, 13, 202, 53, false),
  (7, 1, 13, 191, 53, false),
  (8, 1, 13, 180, 53, false),
  (9, 1, 13, 169, 53, false),
  (10, 1, 13, 158, 53, false),
  (11, 1, 13, 147, 53, false),
  (12, 1, 13, 136, 53, false),
  (13, 1, 13, 125, 53, false),
  (14, 1, 13, 114, 53, false),
  (15, 1, 13, 103, 53, false),
  (16, 1, 13, 92, 53, false),
  (17, 1, 13, 81, 53, false),
  (18, 1, 13, 70, 53, false),
  (19, 1, 13, 59, 53, false),
  (20, 1, 13, 48, 53, false),
  (21, 1, 13, 30, 53, false),
  (22, 2, 13, 257, 71, false),
  (23, 2, 13, 246, 71, false),
  (24, 2, 13, 235, 71, false),
  (25, 2, 13, 224, 71, false),
  (26, 2, 13, 213, 71, false),
  (27, 2, 13, 202, 71, false),
  (28, 2, 13, 191, 71, false),
  (29, 2, 13, 180, 71, false),
  (30, 2, 13, 169, 71, false),
  (31, 2, 13, 158, 71, false),
  (32, 2, 13, 147, 71, false),
  (33, 2, 13, 136, 71, false),
  (34, 2, 13, 125, 71, false),
  (35, 2, 13, 114, 71, false),
  (36, 2, 13, 103, 71, false),
  (37, 2, 13, 92, 71, false),
  (38, 2, 13, 81, 71, false),
  (39, 2, 13, 70, 71, false),
  (40, 2, 13, 59, 71, false),
  (41, 2, 13, 48, 71, false),
  (42, 2, 13, 30, 71, false),
  (43, 3, 13, 257, 89, false),
  (44, 3, 13, 246, 89, false),
  (45, 3, 13, 235, 89, false),
  (46, 3, 13, 224, 89, false),
  (47, 3, 13, 213, 89, false),
  (48, 3, 13, 202, 89, false),
  (49, 3, 13, 191, 89, false),
  (50, 3, 13, 180, 89, false),
  (51, 3, 13, 169, 89, false),
  (52, 3, 13, 158, 89, false),
  (53, 3, 13, 147, 89, false),
  (54, 3, 13, 136, 89, false),
  (55, 3, 13, 125, 89, false),
  (56, 3, 13, 114, 89, false),
  (57, 3, 13, 103, 89, false),
  (58, 3, 13, 92, 89, false),
  (59, 3, 13, 81, 89, false),
  (60, 3, 13, 70, 89, false),
  (61, 3, 13, 59, 89, false),
  (62, 3, 13, 48, 89, false),
  (63, 3, 13, 30, 89, false),
  (64, 4, 13, 257, 107, false),
  (65, 4, 13, 246, 107, false),
  (66, 4, 13, 235, 107, false),
  (67, 4, 13, 224, 107, false),
  (68, 4, 13, 213, 107, false),
  (69, 4, 13, 202, 107, false),
  (70, 4, 13, 191, 107, false),
  (71, 4, 13, 180, 107, false),
  (72, 4, 13, 169, 107, false),
  (73, 4, 13, 158, 107, false),
  (74, 4, 13, 147, 107, false),
  (75, 4, 13, 136, 107, false),
  (76, 4, 13, 125, 107, false),
  (77, 4, 13, 114, 107, false),
  (78, 4, 13, 103, 107, false),
  (79, 4, 13, 92, 107, false),
  (80, 4, 13, 81, 107, false),
  (81, 4, 13, 70, 107, false),
  (82, 4, 13, 59, 107, false),
  (83, 4, 13, 48, 107, false),
  (84, 4, 13, 30, 107, false),
  (85, 5, 13, 257, 125, false),
  (86, 5, 13, 246, 125, false),
  (87, 5, 13, 235, 125, false),
  (88, 5, 13, 224, 125, false),
  (89, 5, 13, 213, 125, false),
  (90, 5, 13, 202, 125, false),
  (91, 5, 13, 191, 125, false),
  (92, 5, 13, 180, 125, false),
  (93, 5, 13, 169, 125, false),
  (94, 5, 13, 158, 125, false),
  (95, 5, 13, 147, 125, false),
  (96, 5, 13, 136, 125, false),
  (97, 5, 13, 125, 125, false),
  (98, 5, 13, 114, 125, false),
  (99, 5, 13, 103, 125, false),
  (100, 5, 13, 92, 125, false),
  (101, 5, 13, 81, 125, false),
  (102, 5, 13, 70, 125, false),
  (103, 5, 13, 59, 125, false),
  (104, 5, 13, 48, 125, false),
  (105, 5, 13, 30, 125, false),
  (106, 6, 13, 257, 143, false),
  (107, 6, 13, 246, 143, false),
  (108, 6, 13, 235, 143, false),
  (109, 6, 13, 224, 143, false),
  (110, 6, 13, 213, 143, false),
  (111, 6, 13, 202, 143, false),
  (112, 6, 13, 191, 143, false),
  (113, 6, 13, 180, 143, false),
  (114, 6, 13, 169, 143, false),
  (115, 6, 13, 158, 143, false),
  (116, 6, 13, 147, 143, false),
  (117, 6, 13, 136, 143, false),
  (118, 6, 13, 125, 143, false),
  (119, 6, 13, 114, 143, false),
  (120, 6, 13, 103, 143, false),
  (121, 6, 13, 92, 143, false),
  (122, 6, 13, 81, 143, false),
  (123, 6, 13, 70, 143, false),
  (124, 6, 13, 59, 143, false),
  (125, 6, 13, 48, 143, false),
  (126, 6, 13, 30, 143, false),
  (127, 7, 13, 257, 161, false),
  (128, 7, 13, 246, 161, false),
  (129, 7, 13, 235, 161, false),
  (130, 7, 13, 224, 161, false),
  (131, 7, 13, 213, 161, false),
  (132, 7, 13, 202, 161, false),
  (133, 7, 13, 191, 161, false),
  (134, 7, 13, 180, 161, false),
  (135, 7, 13, 169, 161, false),
  (136, 7, 13, 158, 161, false),
  (137, 7, 13, 147, 161, false),
  (138, 7, 13, 136, 161, false),
  (139, 7, 13, 125, 161, false),
  (140, 7, 13, 114, 161, false),
  (141, 7, 13, 103, 161, false),
  (142, 7, 13, 92, 161, false),
  (143, 7, 13, 81, 161, false),
  (144, 7, 13, 70, 161, false),
  (145, 7, 13, 59, 161, false),
  (146, 7, 13, 48, 161, false),
  (147, 7, 13, 30, 161, false),
  (148, 8, 13, 257, 179, false),
  (149, 8, 13, 246, 179, false),
  (150, 8, 13, 235, 179, false),
  (151, 8, 13, 224, 179, false),
  (152, 8, 13, 213, 179, false),
  (153, 8, 13, 202, 179, false),
  (154, 8, 13, 191, 179, false),
  (155, 8, 13, 180, 179, false),
  (156, 8, 13, 169, 179, false),
  (157, 8, 13, 158, 179, false),
  (158, 8, 13, 147, 179, false),
  (159, 8, 13, 136, 179, false),
  (160, 8, 13, 125, 179, false),
  (161, 8, 13, 114, 179, false),
  (162, 8, 13, 103, 179, false),
  (163, 8, 13, 92, 179, false),
  (164, 8, 13, 81, 179, false),
  (165, 8, 13, 70, 179, false),
  (166, 8, 13, 59, 179, false),
  (167, 8, 13, 48, 179, false),
  (168, 8, 13, 30, 179, false),
  (169, 9, 13, 257, 197, false),
  (170, 9, 13, 246, 197, false),
  (171, 9, 13, 235, 197, false),
  (172, 9, 13, 224, 197, false),
  (173, 9, 13, 213, 197, false),
  (174, 9, 13, 202, 197, false),
  (175, 9, 13, 191, 197, false),
  (176, 9, 13, 180, 197, false),
  (177, 9, 13, 169, 197, false),
  (178, 9, 13, 158, 197, false),
  (179, 9, 13, 147, 197, false),
  (180, 9, 13, 136, 197, false),
  (181, 9, 13, 125, 197, false),
  (182, 9, 13, 114, 197, false),
  (183, 9, 13, 103, 197, false),
  (184, 9, 13, 92, 197, false),
  (185, 9, 13, 81, 197, false),
  (186, 9, 13, 70, 197, false),
  (187, 9, 13, 59, 197, false),
  (188, 9, 13, 48, 197, false),
  (189, 9, 13, 30, 197, false),
  (190, 10, 13, 257, 215, false),
  (191, 10, 13, 246, 215, false),
  (192, 10, 13, 235, 215, false),
  (193, 10, 13, 224, 215, false),
  (194, 10, 13, 213, 215, false),
  (195, 10, 13, 202, 215, false),
  (196, 10, 13, 191, 215, false),
  (197, 10, 13, 180, 215, false),
  (198, 10, 13, 169, 215, false),
  (199, 10, 13, 158, 215, false),
  (200, 10, 13, 147, 215, false),
  (201, 10, 13, 136, 215, false),
  (202, 10, 13, 125, 215, false),
  (203, 10, 13, 114, 215, false),
  (204, 10, 13, 103, 215, false),
  (205, 10, 13, 92, 215, false),
  (206, 10, 13, 81, 215, false),
  (207, 10, 13, 70, 215, false),
  (208, 10, 13, 59, 215, false),
  (209, 10, 13, 48, 215, false),
  (210, 10, 13, 30, 215, false),
  (211, 11, 13, 257, 233, false),
  (212, 11, 13, 246, 233, false),
  (213, 11, 13, 235, 233, false),
  (214, 11, 13, 224, 233, false),
  (215, 11, 13, 213, 233, false),
  (216, 11, 13, 202, 233, false),
  (217, 11, 13, 191, 233, false),
  (218, 11, 13, 180, 233, false),
  (219, 11, 13, 169, 233, false),
  (220, 11, 13, 158, 233, false),
  (221, 11, 13, 147, 233, false),
  (222, 11, 13, 136, 233, false),
  (223, 11, 13, 125, 233, false),
  (224, 11, 13, 114, 233, false),
  (225, 11, 13, 103, 233, false),
  (226, 11, 13, 92, 233, false),
  (227, 11, 13, 81, 233, false),
  (228, 11, 13, 70, 233, false),
  (229, 11, 13, 59, 233, false),
  (230, 11, 13, 48, 233, false),
  (231, 11, 13, 30, 233, false),
  (232, 12, 13, 257, 251, false),
  (233, 12, 13, 246, 251, false),
  (234, 12, 13, 235, 251, false),
  (235, 12, 13, 224, 251, false),
  (236, 12, 13, 213, 251, false),
  (237, 12, 13, 202, 251, false),
  (238, 12, 13, 191, 251, false),
  (239, 12, 13, 180, 251, false),
  (240, 12, 13, 169, 251, false),
  (241, 12, 13, 158, 251, false),
  (242, 12, 13, 147, 251, false),
  (243, 12, 13, 136, 251, false),
  (244, 12, 13, 125, 251, false),
  (245, 12, 13, 114, 251, false),
  (246, 12, 13, 103, 251, false),
  (247, 12, 13, 92, 251, false),
  (248, 12, 13, 81, 251, false),
  (249, 12, 13, 70, 251, false),
  (250, 12, 13, 59, 251, false),
  (251, 12, 13, 48, 251, false),
  (252, 12, 13, 30, 251, false),
  (253, 13, 13, 257, 269, false),
  (254, 13, 13, 246, 269, false),
  (255, 13, 13, 235, 269, false),
  (256, 13, 13, 224, 269, false),
  (257, 13, 13, 213, 269, false),
  (258, 13, 13, 202, 269, false),
  (259, 13, 13, 191, 269, false),
  (260, 13, 13, 180, 269, false),
  (261, 13, 13, 169, 269, false),
  (262, 13, 13, 158, 269, false),
  (263, 13, 13, 147, 269, false),
  (264, 13, 13, 136, 269, false),
  (265, 13, 13, 125, 269, false),
  (266, 13, 13, 114, 269, false),
  (267, 13, 13, 103, 269, false),
  (268, 13, 13, 92, 269, false),
  (269, 13, 13, 81, 269, false),
  (270, 13, 13, 70, 269, false),
  (271, 13, 13, 59, 269, false),
  (272, 13, 13, 48, 269, false),
  (273, 13, 13, 30, 269, false),
  (274, 14, 13, 257, 287, false),
  (275, 14, 13, 246, 287, false),
  (276, 14, 13, 235, 287, false),
  (277, 14, 13, 224, 287, false),
  (278, 14, 13, 213, 287, false),
  (279, 14, 13, 114, 287, false),
  (280, 14, 13, 103, 287, false),
  (281, 14, 13, 92, 287, false),
  (282, 14, 13, 81, 287, false),
  (283, 14, 13, 70, 287, false),
  (284, 14, 13, 59, 287, false),
  (285, 14, 13, 48, 287, false),
  (286, 14, 13, 30, 287, false),
  (287, 15, 13, 257, 305, false),
  (288, 15, 13, 246, 305, false),
  (289, 15, 13, 235, 305, false),
  (290, 15, 13, 224, 305, false),
  (291, 15, 13, 92, 305, false),
  (292, 15, 13, 81, 305, false),
  (293, 15, 13, 70, 305, false),
  (294, 15, 13, 59, 305, false),
  (295, 15, 13, 48, 305, false),
  (296, 15, 13, 30, 305, false);

-- sigyn, 326 seats
insert into nk2_seats (section_id, inactive) values
  (14, false), (14, false), (14, false), (14, false), (14, false), (14, false), (14, false), (14, false), (14, false), (14, false),
  (14, false), (14, false), (14, false), (14, false), (14, false), (14, false), (14, false), (14, false), (14, false), (14, false),
  (14, false), (14, false), (14, false), (14, false), (14, false), (14, false), (14, false), (14, false), (14, false), (14, false),
  (14, false), (14, false), (14, false), (14, false), (14, false), (14, false), (14, false), (14, false), (14, false), (14, false),
  (14, false), (14, false), (14, false), (14, false), (14, false), (14, false), (14, false), (14, false), (14, false), (14, false),
  (14, false), (14, false), (14, false), (14, false), (14, false), (14, false), (14, false), (14, false), (14, false), (14, false),
  (14, false), (14, false), (14, false), (14, false), (14, false), (14, false), (14, false), (14, false), (14, false), (14, false),
  (14, false), (14, false), (14, false), (14, false), (14, false), (14, false), (14, false), (14, false), (14, false), (14, false),
  (14, false), (14, false), (14, false), (14, false), (14, false), (14, false), (14, false), (14, false), (14, false), (14, false),
  (14, false), (14, false), (14, false), (14, false), (14, false), (14, false), (14, false), (14, false), (14, false), (14, false),
  (14, false), (14, false), (14, false), (14, false), (14, false), (14, false), (14, false), (14, false), (14, false), (14, false),
  (14, false), (14, false), (14, false), (14, false), (14, false), (14, false), (14, false), (14, false), (14, false), (14, false),
  (14, false), (14, false), (14, false), (14, false), (14, false), (14, false), (14, false), (14, false), (14, false), (14, false),
  (14, false), (14, false), (14, false), (14, false), (14, false), (14, false), (14, false), (14, false), (14, false), (14, false),
  (14, false), (14, false), (14, false), (14, false), (14, false), (14, false), (14, false), (14, false), (14, false), (14, false),
  (14, false), (14, false), (14, false), (14, false), (14, false), (14, false), (14, false), (14, false), (14, false), (14, false),
  (14, false), (14, false), (14, false), (14, false), (14, false), (14, false), (14, false), (14, false), (14, false), (14, false),
  (14, false), (14, false), (14, false), (14, false), (14, false), (14, false), (14, false), (14, false), (14, false), (14, false),
  (14, false), (14, false), (14, false), (14, false), (14, false), (14, false), (14, false), (14, false), (14, false), (14, false),
  (14, false), (14, false), (14, false), (14, false), (14, false), (14, false), (14, false), (14, false), (14, false), (14, false),
  (14, false), (14, false), (14, false), (14, false), (14, false), (14, false), (14, false), (14, false), (14, false), (14, false),
  (14, false), (14, false), (14, false), (14, false), (14, false), (14, false), (14, false), (14, false), (14, false), (14, false),
  (14, false), (14, false), (14, false), (14, false), (14, false), (14, false), (14, false), (14, false), (14, false), (14, false),
  (14, false), (14, false), (14, false), (14, false), (14, false), (14, false), (14, false), (14, false), (14, false), (14, false),
  (14, false), (14, false), (14, false), (14, false), (14, false), (14, false), (14, false), (14, false), (14, false), (14, false),
  (14, false), (14, false), (14, false), (14, false), (14, false), (14, false), (14, false), (14, false), (14, false), (14, false),
  (14, false), (14, false), (14, false), (14, false), (14, false), (14, false), (14, false), (14, false), (14, false), (14, false),
  (14, false), (14, false), (14, false), (14, false), (14, false), (14, false), (14, false), (14, false), (14, false), (14, false),
  (14, false), (14, false), (14, false), (14, false), (14, false), (14, false), (14, false), (14, false), (14, false), (14, false),
  (14, false), (14, false), (14, false), (14, false), (14, false), (14, false), (14, false), (14, false), (14, false), (14, false),
  (14, false), (14, false), (14, false), (14, false), (14, false), (14, false), (14, false), (14, false), (14, false), (14, false),
  (14, false), (14, false), (14, false), (14, false), (14, false), (14, false), (14, false), (14, false), (14, false), (14, false),
  (14, false), (14, false), (14, false), (14, false), (14, false), (14, false);

-- kuopio, 212 numbered seats
insert into nk2_seats (number, row, section_id, x_coord, y_coord, inactive) values
  (1, 1, 15, 83, 66, false),
  (2, 1, 15, 95, 66, false),
  (3, 1, 15, 107, 66, false),
  (4, 1, 15, 119, 66, false),
  (5, 1, 15, 131, 66, false),
  (6, 1, 15, 143, 66, false),
  (7, 1, 15, 155, 66, false),
  (8, 1, 15, 167, 66, false),
  (9, 1, 15, 179, 66, false),
  (10, 1, 15, 191, 66, false),
  (11, 1, 15, 203, 66, false),
  (12, 1, 15, 215, 66, false),
  (13, 1, 15, 227, 66, false),
  (14, 1, 15, 239, 66, false),
  (15, 1, 15, 251, 66, false),
  (16, 1, 15, 263, 66, false),
  (17, 2, 15, 83, 86, false),
  (18, 2, 15, 95, 86, false),
  (19, 2, 15, 107, 86, false),
  (20, 2, 15, 119, 86, false),
  (21, 2, 15, 131, 86, false),
  (22, 2, 15, 143, 86, false),
  (23, 2, 15, 155, 86, false),
  (24, 2, 15, 167, 86, false),
  (25, 2, 15, 179, 86, false),
  (26, 2, 15, 191, 86, false),
  (27, 2, 15, 203, 86, false),
  (28, 2, 15, 215, 86, false),
  (29, 2, 15, 227, 86, false),
  (30, 2, 15, 239, 86, false),
  (31, 2, 15, 251, 86, false),
  (32, 2, 15, 263, 86, false),
  (33, 3, 15, 83, 106, false),
  (34, 3, 15, 95, 106, false),
  (35, 3, 15, 107, 106, false),
  (36, 3, 15, 119, 106, false),
  (37, 3, 15, 131, 106, false),
  (38, 3, 15, 143, 106, false),
  (39, 3, 15, 155, 106, false),
  (40, 3, 15, 167, 106, false),
  (41, 3, 15, 179, 106, false),
  (42, 3, 15, 191, 106, false),
  (43, 3, 15, 203, 106, false),
  (44, 3, 15, 215, 106, false),
  (45, 3, 15, 227, 106, false),
  (46, 3, 15, 239, 106, false),
  (47, 3, 15, 251, 106, false),
  (48, 3, 15, 263, 106, false),
  (49, 4, 15, 83, 126, false),
  (50, 4, 15, 95, 126, false),
  (51, 4, 15, 107, 126, false),
  (52, 4, 15, 119, 126, false),
  (53, 4, 15, 131, 126, false),
  (54, 4, 15, 143, 126, false),
  (55, 4, 15, 155, 126, false),
  (56, 4, 15, 167, 126, false),
  (57, 4, 15, 179, 126, false),
  (58, 4, 15, 191, 126, false),
  (59, 4, 15, 203, 126, false),
  (60, 4, 15, 215, 126, false),
  (61, 4, 15, 227, 126, false),
  (62, 4, 15, 239, 126, false),
  (63, 4, 15, 251, 126, false),
  (64, 4, 15, 263, 126, false),
  (65, 5, 15, 83, 146, false),
  (66, 5, 15, 95, 146, false),
  (67, 5, 15, 107, 146, false),
  (68, 5, 15, 119, 146, false),
  (69, 5, 15, 131, 146, false),
  (70, 5, 15, 143, 146, false),
  (71, 5, 15, 155, 146, false),
  (72, 5, 15, 167, 146, false),
  (73, 5, 15, 179, 146, false),
  (74, 5, 15, 191, 146, false),
  (75, 5, 15, 203, 146, false),
  (76, 5, 15, 215, 146, false),
  (77, 5, 15, 227, 146, false),
  (78, 5, 15, 239, 146, false),
  (79, 5, 15, 251, 146, false),
  (80, 5, 15, 263, 146, false),
  (81, 6, 15, 83, 166, false),
  (82, 6, 15, 95, 166, false),
  (83, 6, 15, 107, 166, false),
  (84, 6, 15, 119, 166, false),
  (85, 6, 15, 131, 166, false),
  (86, 6, 15, 143, 166, false),
  (87, 6, 15, 155, 166, false),
  (88, 6, 15, 167, 166, false),
  (89, 6, 15, 179, 166, false),
  (90, 6, 15, 191, 166, false),
  (91, 6, 15, 203, 166, false),
  (92, 6, 15, 215, 166, false),
  (93, 6, 15, 227, 166, false),
  (94, 6, 15, 239, 166, false),
  (95, 6, 15, 251, 166, false),
  (96, 6, 15, 263, 166, false),
  (97, 7, 15, 83, 186, false),
  (98, 7, 15, 95, 186, false),
  (99, 7, 15, 107, 186, false),
  (100, 7, 15, 119, 186, false),
  (101, 7, 15, 131, 186, false),
  (102, 7, 15, 143, 186, false),
  (103, 7, 15, 155, 186, false),
  (104, 7, 15, 167, 186, false),
  (105, 7, 15, 179, 186, false),
  (106, 7, 15, 191, 186, false),
  (107, 7, 15, 203, 186, false),
  (108, 7, 15, 215, 186, false),
  (109, 7, 15, 227, 186, false),
  (110, 7, 15, 239, 186, false),
  (111, 7, 15, 251, 186, false),
  (112, 7, 15, 263, 186, false),
  (113, 8, 15, 83, 206, false),
  (114, 8, 15, 95, 206, false),
  (115, 8, 15, 107, 206, false),
  (116, 8, 15, 119, 206, false),
  (117, 8, 15, 131, 206, false),
  (118, 8, 15, 143, 206, false),
  (119, 8, 15, 155, 206, false),
  (120, 8, 15, 167, 206, false),
  (121, 8, 15, 179, 206, false),
  (122, 8, 15, 191, 206, false),
  (123, 8, 15, 203, 206, false),
  (124, 8, 15, 215, 206, false),
  (125, 8, 15, 227, 206, false),
  (126, 8, 15, 239, 206, false),
  (127, 8, 15, 251, 206, false),
  (128, 8, 15, 263, 206, false),
  (129, 9, 15, 83, 226, false),
  (130, 9, 15, 95, 226, false),
  (131, 9, 15, 107, 226, false),
  (132, 9, 15, 119, 226, false),
  (133, 9, 15, 131, 226, false),
  (134, 9, 15, 143, 226, false),
  (135, 9, 15, 155, 226, false),
  (136, 9, 15, 167, 226, false),
  (137, 9, 15, 179, 226, false),
  (138, 9, 15, 191, 226, false),
  (139, 9, 15, 203, 226, false),
  (140, 9, 15, 215, 226, false),
  (141, 9, 15, 227, 226, false),
  (142, 9, 15, 239, 226, false),
  (143, 9, 15, 251, 226, false),
  (144, 9, 15, 263, 226, false),
  (145, 10, 15, 83, 246, false),
  (146, 10, 15, 95, 246, false),
  (147, 10, 15, 107, 246, false),
  (148, 10, 15, 119, 246, false),
  (149, 10, 15, 131, 246, false),
  (150, 10, 15, 143, 246, false),
  (151, 10, 15, 155, 246, false),
  (152, 10, 15, 167, 246, false),
  (153, 10, 15, 179, 246, false),
  (154, 10, 15, 191, 246, false),
  (155, 10, 15, 203, 246, false),
  (156, 10, 15, 215, 246, false),
  (157, 10, 15, 227, 246, false),
  (158, 10, 15, 239, 246, false),
  (159, 10, 15, 251, 246, false),
  (160, 10, 15, 263, 246, false),
  (161, 11, 15, 83, 266, false),
  (162, 11, 15, 95, 266, false),
  (163, 11, 15, 107, 266, false),
  (164, 11, 15, 119, 266, false),
  (165, 11, 15, 131, 266, false),
  (166, 11, 15, 143, 266, false),
  (167, 11, 15, 155, 266, false),
  (168, 11, 15, 167, 266, false),
  (169, 11, 15, 179, 266, false),
  (170, 11, 15, 191, 266, false),
  (171, 11, 15, 203, 266, false),
  (172, 11, 15, 215, 266, false),
  (173, 11, 15, 227, 266, false),
  (174, 11, 15, 239, 266, false),
  (175, 11, 15, 251, 266, false),
  (176, 11, 15, 263, 266, false),
  (177, 12, 15, 83, 286, false),
  (178, 12, 15, 95, 286, false),
  (179, 12, 15, 107, 286, false),
  (180, 12, 15, 119, 286, false),
  (181, 12, 15, 131, 286, false),
  (182, 12, 15, 143, 286, false),
  (183, 12, 15, 155, 286, false),
  (184, 12, 15, 167, 286, false),
  (185, 12, 15, 179, 286, false),
  (186, 12, 15, 191, 286, false),
  (187, 12, 15, 203, 286, false),
  (188, 12, 15, 215, 286, false),
  (189, 12, 15, 227, 286, false),
  (190, 12, 15, 239, 286, false),
  (191, 12, 15, 251, 286, false),
  (192, 12, 15, 263, 286, false),
  (193, 13, 15, 59, 306, false),
  (194, 13, 15, 71, 306, false),
  (195, 13, 15, 83, 306, false),
  (196, 13, 15, 95, 306, false),
  (197, 13, 15, 107, 306, false),
  (198, 13, 15, 119, 306, false),
  (199, 13, 15, 131, 306, false),
  (200, 13, 15, 143, 306, false),
  (201, 13, 15, 155, 306, false),
  (202, 13, 15, 167, 306, false),
  (203, 13, 15, 179, 306, false),
  (204, 13, 15, 191, 306, false),
  (205, 13, 15, 203, 306, false),
  (206, 13, 15, 215, 306, false),
  (207, 13, 15, 227, 306, false),
  (208, 13, 15, 239, 306, false),
  (209, 13, 15, 251, 306, false),
  (210, 13, 15, 263, 306, false),
  (211, 13, 15, 275, 306, false),
  (212, 13, 15, 287, 306, false);

select
    venues.title,
    sections.title,
    sections.row_name,
    seats.row,
    sum(1) as 'number of seats'
from nk2_seats seats
  join nk2_sections sections on seats.section_id = sections.id
  join nk2_venues venues on sections.venue_id = venues.id
group by sections.id, seats.row;
